Mean Pitch (F0),Zero Crossing Rate,Spectral Centroid,Spectral Bandwidth,Spectral Flatness,Spectral Roll-off,Root Mean Square Energy,Skewness,MFCC 1,MFCC 2,MFCC 3,MFCC 4,MFCC 5,MFCC 6,MFCC 7,MFCC 8,MFCC 9,MFCC 10,MFCC 11,MFCC 12,MFCC 13,Chroma STFT,Chroma CQT,Mel Spectrogram,Label,Condition
146.78134455941395,0.18514262354651162,4502.795799822779,2763.6029338926023,0.41121927,7644.938113190407,0.036760803,-0.10671848803758621,-460.46497,25.832058,-4.1415467,-5.050099,-15.916052,1.1209202,-3.4620245,1.4905685,-1.2487311,-8.12422,0.95021105,-0.36497158,-3.425203,0.6737906,0.66904086,1.9916083,unknown,Original
